{
  "accuracy": 0.7792760823278921,
  "roc_auc": 0.6824123588829472
}