{
  "rmse": 66.36395785708362,
  "r2": 0.9990981160564653
}